Date,Close,Open
2020-08-29,5819.496041789418,5835.895149675161
2020-08-30,5926.43309706768,5820.371265878725
2020-08-31,5912.139074146021,5927.351709688837
2020-09-01,6063.762798916007,5911.353042392871
2020-09-02,5779.564638048709,6060.928000394282
2020-09-03,5186.1447483669035,5776.177051626593
2020-09-04,5319.854935849551,5178.5191841467185
2020-09-05,5140.062014102469,5320.180729707637
2020-09-06,5198.64100949047,5138.898761460315
2020-09-07,5243.068200070159,5198.979115654994
2020-09-08,5121.679091721158,5243.026714767143
2020-09-09,5179.411434385348,5123.033047852777
2020-09-10,5242.521110902643,5179.4541910278895
2020-09-11,5262.487083337438,5245.468464032029
2020-09-12,5285.290679794597,5266.942148265372
2020-09-13,5222.762694588593,5290.458912719535
2020-09-14,5403.185851469628,5225.275051113357
2020-09-15,5458.967116237924,5401.624649408321
2020-09-16,5548.115506158973,5459.356750924959
2020-09-17,5538.834449513537,5547.294931685627
2020-09-18,5535.903415826,5540.2995728426995
2020-09-19,5610.961509705213,5530.4481712181205
2020-09-20,5530.533437411962,5611.732098097922
2020-09-21,5287.621566232852,5528.91816523946
2020-09-22,5326.2087091141475,5286.288251033789
2020-09-23,5176.226137241499,5324.735647830676
2020-09-24,5437.851418231708,5177.504174275054
2020-09-25,5404.653583728243,5438.381345410274
2020-09-26,5434.268578010135,5406.110853615562
2020-09-27,5446.862163007724,5432.267896619597
2020-09-28,5413.726154730347,5447.6143264505845
2020-09-29,5482.073023316646,5413.59770061464
2020-09-30,5452.047908513974,5481.737004456064
2020-10-01,5368.325832182559,5457.491442876728
2020-10-02,5345.437335611703,5368.470665529306
2020-10-03,5332.213102798146,5345.000645974808
2020-10-04,5393.352548915996,5332.782123490935
2020-10-05,5455.444244784815,5396.854681392164
2020-10-06,5358.771611399837,5456.927964744669
2020-10-07,5391.220147377476,5358.265589893125
2020-10-08,5516.037719880239,5391.461143960739
2020-10-09,5592.866746281164,5522.208683317472
2020-10-10,5709.66383037096,5590.179079301833
2020-10-11,5754.259596293447,5709.522004134395
2020-10-12,5842.016390781515,5758.431170053622
2020-10-13,5776.216908010271,5838.5971728562745
2020-10-14,5777.752754095319,5777.918122767043
2020-10-15,5810.362535359524,5776.25199964582
2020-10-16,5721.866699028975,5814.170697785298
2020-10-17,5740.294684647108,5721.835065544546
2020-10-18,5804.450330294157,5739.213928364339
2020-10-19,5934.013008596143,5810.330602760073
2020-10-20,6019.334355569462,5935.947400265177
2020-10-21,6476.777198296375,6017.693385300479
2020-10-22,6551.410797684157,6465.637619341511
2020-10-23,6533.59812394185,6554.284592067282
2020-10-24,6622.3002951691215,6533.615790319871
2020-10-25,6582.811963660569,6622.300788269341
2020-10-26,6602.919358292026,6582.825669944138
2020-10-27,6894.054235001216,6602.916416478557
2020-10-28,6700.03042821821,6894.0522980553005
2020-10-29,6782.981457095322,6700.03731852945
2020-10-30,6836.5886624140385,6782.977101921019
2020-10-31,6954.433439845722,6836.593555311645
2020-11-01,6934.063670437578,6954.433440976403
2020-11-02,6838.583671048982,6934.024738598111
2020-11-03,7039.124792175414,6838.564510898692
2020-11-04,7133.158011895921,7039.218730079653
2020-11-05,7858.194880484056,7133.1713527411775
2020-11-06,7857.84781984171,7858.135201420291
2020-11-07,7488.664201732837,7857.848342302647
2020-11-08,7814.486101777797,7488.6651099359615
2020-11-09,7739.329642334087,7814.50336370254
2020-11-10,7719.536280887676,7739.347795167873
2020-11-11,7926.853177128173,7719.539702289653
2020-11-12,8214.006436594635,7926.832484023906
2020-11-13,8236.969671633644,8214.054786413815
2020-11-14,8109.794340777045,8236.969671633644
2020-11-15,8051.482355816924,8109.79483882392
2020-11-16,8433.773629729487,8051.476969938837
2020-11-17,8901.72697665045,8419.290308458367
2020-11-18,8980.857440144828,8901.61743203709
2020-11-19,8986.142909346856,8980.784677634647
2020-11-20,9394.414546140284,8986.140032416619
2020-11-21,9411.374342389892,9394.415527585596
2020-11-22,9276.57333188793,9411.374342389892
2020-11-23,9281.79651516282,9276.579769022674
2020-11-24,9652.925151458698,9282.255224790053
2020-11-25,9459.76118093028,9651.401744265162
2020-11-26,8660.45459569389,9458.590715691253
2020-11-27,8639.150103439539,8662.151114174481
2020-11-28,8947.035186293351,8641.432542486806
2020-11-29,9183.13874862588,8948.152266947873
2020-11-30,9913.669137715968,9183.557877896605
2020-12-01,9497.75453632796,9917.673569787412
2020-12-02,9698.604428679588,9497.119901396241
2020-12-03,9823.716072598583,9701.039877067906
2020-12-04,9443.175555930866,9824.503561022046
2020-12-05,9674.825765879154,9442.484383544614
2020-12-06,9771.117508110432,9674.795955446958
2020-12-07,9692.74171654663,9770.102799192116
2020-12-08,9251.435349841797,9692.700942897329
2020-12-09,9370.845518228069,9251.299813629861
2020-12-10,9224.126462673908,9370.541126081396
2020-12-11,9118.824059347102,9223.595125251553
2020-12-12,9494.903676757349,9114.996659923603
2020-12-13,9667.717100234218,9496.46523815111
2020-12-14,9719.317119724576,9668.791530568358
2020-12-15,9805.043648548208,9719.456396635118
2020-12-16,10759.379455057606,9805.918892249054
2020-12-17,11507.710205378715,10758.252427608575
2020-12-18,11676.069572609422,11508.535211856568
2020-12-19,12042.863233654907,11673.491829183502
2020-12-20,11843.270127536767,12038.81205710156
2020-12-21,11501.472018064802,11841.857054904569
2020-12-22,11995.525297016127,11496.88284261525
2020-12-23,11716.28097211343,11994.992989304901
2020-12-24,11968.163572397942,11715.779491452191
2020-12-25,12434.997288499326,11966.964732141385
2020-12-26,13322.625502649229,12441.123946234415
2020-12-27,13247.767810492998,13323.802316430047
2020-12-28,13661.824319101072,13252.123321520181
2020-12-29,13800.992704422322,13660.319372042306
2020-12-30,14543.399234938603,13799.810762228277
2020-12-31,14621.529924025404,14543.710308238044
2021-01-01,14806.618564500493,14617.65921429813
2021-01-02,16190.266442204507,14807.776206950302
2021-01-03,16550.024290545392,16191.333790685292
2021-01-04,16155.325323430634,16564.739073754263
2021-01-05,17175.20014627319,16158.092333282995
2021-01-06,18608.37591162473,17185.954661470034
2021-01-07,19884.76891432056,18613.28902278101
2021-01-08,20597.780169692396,19890.18341994721
2021-01-09,20335.500449869895,20593.220704176747
2021-01-10,19383.31799688831,20335.304311682958
2021-01-11,17960.58376665849,19378.26417130746
2021-01-12,17131.260770702367,17935.170359610576
2021-01-13,18842.088854797148,17127.390476029646
2021-01-14,19791.733029530493,18846.381663049717
2021-01-15,18603.296208535838,19776.97153869642
2021-01-16,18289.695364695697,18601.374346755703
2021-01-17,18095.95299990788,18282.43432563463
2021-01-18,18519.645284458024,18096.462506926397
2021-01-19,18258.526768253167,18525.749156853668
2021-01-20,17998.311699637117,18248.34556377733
2021-01-21,15595.22198028147,17999.20147157751
2021-01-22,16703.8609254227,15590.755032737572
2021-01-23,16233.985147258472,16693.6595792152
2021-01-24,16370.622368473503,16232.39069013709
2021-01-25,16398.341262780687,16368.676837884057
2021-01-26,16505.304435750004,16394.345563401585
2021-01-27,15419.930018317997,16502.60222766474
2021-01-28,16949.538830613626,15423.870998395887
2021-01-29,17382.70391662527,17381.679836612995
2021-01-30,17358.40968245711,17372.43100415889
2021-01-31,16771.002146826017,17359.20280557431
2021-02-01,16991.513918381857,16771.092784696484
2021-02-02,18001.47557411235,16989.596688896276
2021-02-03,19005.816363156253,18001.671692451164
2021-02-04,18722.4730570402,19007.36659834053
2021-02-05,19352.196856059283,18725.223883064726
2021-02-06,19906.75651150573,19349.100273677297
2021-02-07,19715.06708978444,19898.816324047188
2021-02-08,23383.51203293502,19706.66280948095
2021-02-09,23530.98632810421,23377.823139427863
2021-02-10,22747.091353097225,23525.30363400914
2021-02-11,24248.709958380576,22737.244795636056
2021-02-12,24056.845143255217,24232.495222471356
2021-02-13,23852.306733822526,24050.091733019053
2021-02-14,24656.902871964016,23856.847277725643
2021-02-15,24266.313263377924,24646.450497073747
2021-02-16,24893.913028374798,24265.88711550273
2021-02-17,26381.35532925207,24897.662861772667
2021-02-18,26162.924404210855,26377.31865971886
2021-02-19,28279.101899752764,26161.24502721715
2021-02-20,28373.60694766738,28278.680416293853
2021-02-21,29098.7456495361,28357.906709551437
2021-02-22,27406.375846820694,29095.176843260975
2021-02-23,24678.73551024541,27405.07649953928
2021-02-24,25129.776218820884,24684.278227208404
2021-02-25,23798.428979542663,25131.464556890347
2021-02-26,23415.94494960014,23842.294355648748
2021-02-27,23342.723910309116,23418.617186900934
2021-02-28,22809.36022363421,23345.49942728851
2021-03-01,25082.753130965415,22820.427600048813
2021-03-02,24444.151039276832,25073.10035577685
2021-03-03,25537.237492617183,24462.390125077258
2021-03-04,24542.508312435522,25529.067865183133
2021-03-05,24723.955835514884,24525.371937672866
2021-03-06,24735.978819561486,24709.761584854125
2021-03-07,25894.94342728246,24739.232218460547
2021-03-08,26432.779649980293,25878.826139871137
2021-03-09,27730.17001393605,26446.074920991174
2021-03-10,28310.445144689194,27730.185216034246
2021-03-11,29213.771511258747,28287.52753793452
2021-03-12,28966.92364717532,29221.890202667266
2021-03-13,30947.652420636758,28972.568883740532
2021-03-14,29965.303005637114,30936.548957487532
2021-03-15,28257.06173153389,29947.745800382683
2021-03-16,28708.549490368037,28223.95385802202
2021-03-17,29744.996009207705,28719.043674232806
2021-03-18,29231.982571359316,29756.02737331875
2021-03-19,29481.570110682474,29227.692568923234
2021-03-20,29464.296393927852,29474.360001800058
2021-03-21,29065.29945387162,29462.439825937785
2021-03-22,27552.111599489566,29062.56983065687
2021-03-23,27654.91703574963,27543.29436988041
2021-03-24,26658.509125148652,27640.596429921126
2021-03-25,26122.845971109677,26634.678726814425
2021-03-26,27857.972232492943,26112.241767385975
2021-03-27,28279.17114961304,27858.130931595195
2021-03-28,28263.846207634288,28279.88257828705
2021-03-29,29184.548371895624,28262.397405238007
2021-03-30,29774.722724590974,29184.484314363002
2021-03-31,29786.348769304375,29781.02796360247
2021-04-01,29886.273950297607,29790.349827819315
2021-04-02,30057.629956109595,29887.747192479153
2021-04-03,29148.16711601913,30064.13448376931
2021-04-04,29737.69661859125,29148.536411294637
2021-04-05,29890.60097123444,29738.848561929313
2021-04-06,29461.832387788003,29947.906359147426
2021-04-07,28364.696263618847,29458.820337045043
2021-04-08,29523.787307776955,28389.972410904542
2021-04-09,29483.816034086045,29525.12556496277
2021-04-10,30269.265647164288,29488.10382853389
2021-04-11,30481.86105217322,30295.74166514784
2021-04-12,30327.579807689042,30467.38249425195
2021-04-13,32155.22569273934,30325.76511976138
2021-04-14,31980.149670737534,32165.44763542682
2021-04-15,32095.440880376394,31963.09404035121
2021-04-16,31208.759052390313,32067.278623271883
2021-04-17,30750.89188037098,31186.969821478873
2021-04-18,28497.76158225134,30760.18798483178
2021-04-19,28241.784771890194,28485.630368070455
2021-04-20,28647.388903799656,28219.776348596064
2021-04-21,27366.96879258588,28646.5792601487
2021-04-22,26299.08302282229,27341.26639111363
2021-04-23,25959.506460455057,26287.475979564864
2021-04-24,25412.075308703334,25984.90115865596
2021-04-25,24906.37032003916,25413.501009234336
2021-04-26,27451.807309648095,24943.678019357398
2021-04-27,27980.078136577013,27456.057932605225
2021-04-28,27888.935171864032,27982.14414536014
2021-04-29,27257.932307402712,27906.007772267316
2021-04-30,29359.62057118863,27264.865704176358
2021-05-01,29426.30032343015,29341.705839208815
2021-05-02,28828.79223235011,29425.19259368062
2021-05-03,29193.290130340756,28823.237216228248
2021-05-04,27227.517729695217,29200.281007705486
2021-05-05,29318.466508831974,27184.6180392351
2021-05-06,28798.385771633086,29327.43043686017
2021-05-07,29276.85291373834,28807.027070013883
2021-05-08,30068.80474360511,29274.582573115382
2021-05-09,29788.236800359642,30107.039073769596
2021-05-10,28603.646337407823,29796.759896712447
2021-05-11,29063.272736856492,28596.71291819766
2021-05-12,25219.612594331647,29069.171218375268
2021-05-13,25490.139516631516,25519.295611594767
2021-05-14,25632.60986878969,25474.304332900192
2021-05-15,23999.413716421728,25619.557739665288
2021-05-16,23839.4078493464,23978.203543692525
2021-05-17,22328.146933915097,23818.42249719709
2021-05-18,22030.062465149753,22302.490486333896
2021-05-19,18917.879643783795,22048.324518211633
2021-05-20,20863.691642222853,18789.90718664385
2021-05-21,19063.6428088966,20768.745546266586
2021-05-22,19155.950266231746,19097.7095986823
2021-05-23,17740.51756354913,19153.810712874903
2021-05-24,19799.090769252252,17703.738955681325
2021-05-25,19657.191653283833,19844.876672998365
2021-05-26,20134.88616654917,19652.422990571853
2021-05-27,19681.019910559724,20146.225500205903
2021-05-28,18258.09699511491,19717.173035321386
2021-05-29,17693.225701094725,18250.384100899773
2021-05-30,18243.335150518717,17688.700804937627
2021-05-31,19124.68858763725,18233.071362169834
2021-06-01,18788.07847964428,19103.94171703778
2021-06-02,19247.287813010367,18795.698000306114
2021-06-03,20089.82877849028,19259.79715675198
2021-06-04,18903.56433208853,20107.043152748716
2021-06-05,18223.126359085516,18896.960716328922
2021-06-06,18392.219360385465,18216.316525487004
2021-06-07,17218.94291798652,18378.32433551758
2021-06-08,17163.19987782508,17234.097381249216
2021-06-09,19115.340795138996,17134.125224023308
2021-06-10,18770.682771772525,19137.994177246987
2021-06-11,19067.06088807404,18768.108660898873
2021-06-12,18178.99394928895,19070.09596766226
2021-06-13,19974.945569152533,18180.686544590066
2021-06-14,20540.110360256505,19934.503628775852
2021-06-15,20646.152321791204,20652.79769714028
2021-06-16,19575.882087987735,20516.27164865181
2021-06-17,19430.120490453766,19573.015448666803
2021-06-18,18273.403696409016,19453.537887029426
2021-06-19,18179.04410838701,18307.64690611027
2021-06-20,18231.397250172275,18151.46184596762
2021-06-21,16158.610186095797,18202.604561633314
2021-06-22,16570.364529718827,16131.151286892367
2021-06-23,17199.58582898199,16576.002429723372
2021-06-24,17670.00929617219,17176.297369722095
2021-06-25,16127.864913295469,17668.476155485292
2021-06-26,16404.595009966564,16105.897962709103
2021-06-27,17661.03808184624,16455.527437619563
2021-06-28,17569.509724310563,17676.188770833764
2021-06-29,18299.923572069107,17590.756272193863
2021-06-30,17904.94573286317,18320.831552747186
2021-07-01,17143.784495260643,17902.508786380073
2021-07-02,17312.063275546287,17131.898605418577
2021-07-03,17710.6757101693,17290.86515729509
2021-07-04,18036.16821118198,17709.24875015706
2021-07-05,17245.16301559687,18034.476889510748
2021-07-06,17511.160728444756,17233.794694197477
2021-07-07,17320.210614863856,17506.120985615773
2021-07-08,16798.76581544042,17337.82931542404
2021-07-09,17263.72541097179,16790.17435763188
2021-07-10,17119.225143389587,17270.423733836567
2021-07-11,17483.967206559442,17113.41046489224
2021-07-12,16924.93671426665,17491.015791158563
2021-07-13,16681.985515992492,16909.319883633594
2021-07-14,16750.9618629875,16693.078530074286
2021-07-15,16217.027451671025,16753.79574200198
2021-07-16,16031.639750155246,16248.336533282138
2021-07-17,16090.227013367152,16018.955508353449
2021-07-18,16221.699167664794,16090.864032472966
2021-07-19,15718.19079802174,16222.88302935358
2021-07-20,15207.213311267196,15728.739282958286
2021-07-21,16393.31026400648,15201.464828809461
2021-07-22,16500.135901938193,16408.05485290956
2021-07-23,17150.68061525475,16496.54211642235
2021-07-24,17516.62628598154,17156.625614144803
2021-07-25,18045.845363559572,17515.20253281322
2021-07-26,19046.392601379383,18062.77766624156
2021-07-27,20092.057972529044,19015.109094508585
2021-07-28,20386.225709247738,20140.812305010448
2021-07-29,20406.380155851577,20386.41070267782
2021-07-30,21534.193079016208,20416.185214863417
2021-07-31,21241.466267196454,21513.68466240704
2021-08-01,20419.766256734278,21157.78664139822
2021-08-02,20040.85766547434,20385.259345885443
2021-08-03,19498.669397453516,20028.9535383515
2021-08-04,20332.32231880203,19529.889266872186
2021-08-05,20910.038377901907,20330.996483844294
2021-08-06,21894.055395761057,20908.22748745158
2021-08-07,22807.161561008397,21902.343729836197
2021-08-08,22404.405751517188,22817.15457168378
2021-08-09,23713.581211505752,22401.16549014449
2021-08-10,23320.347133828625,23670.498674464074
2021-08-11,23329.551431699692,23327.874259558095
2021-08-12,22727.12353015684,23321.13781109765
2021-08-13,24456.03014838241,22733.734721576497
2021-08-14,24098.615027982367,24464.79064399608
2021-08-15,24081.691268104165,24098.608320804095
2021-08-16,23536.38408223778,24067.971632016823
2021-08-17,22858.248748968468,23501.126225427983
2021-08-18,22912.192955561502,22853.479061428086
2021-08-19,23898.436546350495,22882.292983908283
2021-08-20,25227.688503788937,23901.12098093241
2021-08-21,25000.480679927095,25221.647855968622
2021-08-22,25211.098822956086,24982.334571237418
2021-08-23,25338.918447792155,25195.990041685476
2021-08-24,24393.386942211393,25347.938693753775
2021-08-25,25031.08341457829,24404.28455567643
2021-08-26,24000.528707984096,25052.671502779274
2021-08-27,25087.63130454644,23976.02147078916
2021-08-28,25005.22289937101,25095.318565924616
2021-08-29,24965.68486454912,25010.019487756043
2021-08-30,24077.370237240197,24968.21927828141
2021-08-31,24166.962343348492,24062.61984050542
2021-09-01,25073.04603399828,24132.967740692948
2021-09-02,25306.87847253106,25051.859529190435
2021-09-03,25680.88327492878,25286.585517324802
2021-09-04,25632.241197559983,25672.403996928406
2021-09-05,26547.544817483198,25628.59022267491
2021-09-06,26984.430196838304,26555.249703857902
2021-09-07,23988.43925300084,26997.605187749115
2021-09-08,23640.642124931885,23997.102723834145
2021-09-09,23779.717761073858,23475.486779755654
2021-09-10,22989.779937412146,23782.0255397965
2021-09-11,23158.167364984827,22982.302874388246
2021-09-12,23611.962197654324,23160.76620660313
2021-09-13,23040.52917596593,23608.511466070115
2021-09-14,24128.66078379348,23039.182005403487
2021-09-15,24701.457055250485,24131.77523158826
2021-09-16,24497.17099883765,24692.35839078441
2021-09-17,24210.235121743306,24490.696076049804
2021-09-18,24722.363435142564,24213.043453890383
2021-09-19,24195.871326054043,24717.802644308584
2021-09-20,21924.453442786562,24196.517284639405
2021-09-21,20816.74358448148,22011.76118137747
2021-09-22,22310.702897106632,20808.645557479707
2021-09-23,22983.79935338825,22303.603242225945
2021-09-24,21918.02862625845,22983.255199035928
2021-09-25,21855.00924672574,21918.475507714153
2021-09-26,22122.480099540797,21857.653439924492
2021-09-27,21615.10568980783,22135.915559531528
2021-09-28,20993.728433302567,21596.826764088128
2021-09-29,21268.282483636067,21009.332229409745
2021-09-30,22406.783010409552,21261.63307334333
2021-10-01,24621.920917585936,22419.669701887517
2021-10-02,24433.436807198592,24632.386601457823
2021-10-03,24682.268318413644,24417.513447482215
2021-10-04,25132.014563332425,24686.83472209864
2021-10-05,26356.044178422093,25163.356759498936
2021-10-06,28288.34225125879,26341.66517023161
2021-10-07,27512.02224788666,28276.29672736563
2021-10-08,27588.135012497823,27510.061340903783
2021-10-09,28090.31562586412,27568.466878948806
2021-10-10,27966.532731777283,28082.51818466149
2021-10-11,29342.582588264126,27946.77900820583
2021-10-12,28614.467204295022,29363.794418392925
2021-10-13,29314.09231272712,28613.11771893613
2021-10-14,29303.24805233329,29299.740328349173
2021-10-15,31452.456036534684,29316.15215464741
2021-10-16,31095.678775307835,31460.770297151288
2021-10-17,31429.45820590467,31093.33215032719
2021-10-18,31650.674722265598,31427.18238053747
2021-10-19,32789.388533478756,31658.961305668952
2021-10-20,33701.15061381876,32800.685205457434
2021-10-21,31792.489394833665,33706.828374223565
2021-10-22,31020.84591150828,31806.556218040216
2021-10-23,31404.312929653075,31022.227426635698
2021-10-24,31159.157618385998,31391.725766039563
2021-10-25,32235.375918937698,31140.098906099432
2021-10-26,30882.560726679127,32231.731697240393
2021-10-27,29907.07038370631,30876.84544347465
2021-10-28,31037.25508886285,29900.401174050792
2021-10-29,31863.103905087035,31038.867856153694
2021-10-30,31678.915922570526,31868.735758842453
2021-10-31,31388.110787089543,31659.33437402643
2021-11-01,31238.38139532596,31388.9129444363
2021-11-02,32392.058847059827,31217.495921090987
2021-11-03,32269.451842232418,32406.85581326373
2021-11-04,31499.031258412226,32254.93764139712
2021-11-05,31330.006650033218,31502.944600677572
2021-11-06,31539.313314129857,31301.009623685703
2021-11-07,32455.324153986792,31553.53520425946
2021-11-08,34606.10053373515,32463.727299038175
2021-11-09,34294.66006083808,34597.20677112564
2021-11-10,33289.0600416208,34285.12668548978
2021-11-11,33282.413356720725,33280.79155496918
2021-11-12,32874.78033252127,33238.377040102925
2021-11-13,33031.140011959,32875.838172703014
2021-11-14,33525.65371586166,33023.608090697606
2021-11-15,32559.00033586413,33553.011863615815
2021-11-16,30802.53096517146,32642.901625707596
2021-11-17,30916.5939461407,30791.298854239434
2021-11-18,29153.74449234799,30912.69426393293
2021-11-19,29794.084824382215,29129.89063205749
2021-11-20,30602.23817582518,29791.846936820442
2021-11-21,30096.006623324458,30619.280484787974
2021-11-22,28844.003781070864,30083.633210637192
2021-11-23,29526.516812214406,28851.86507508859
2021-11-24,28865.099244080335,29524.776169748748
2021-11-25,29368.6999613823,29312.696441128628
2021-11-26,27475.30419113174,30253.413096514345
2021-11-27,28109.5313525065,27560.72886289694
2021-11-28,29358.878390858696,28109.310797883943
2021-11-29,29663.002854424416,29381.033706375438
2021-11-30,29292.37748575963,29675.17653669499
2021-12-01,29398.837225777956,29242.33249919809
2021-12-02,29010.406313173477,29392.482521872822
2021-12-03,27521.455131024497,29026.59980781369
2021-12-04,25304.374279672647,27587.53798592195
2021-12-05,25400.07857874416,25304.745370919554
2021-12-06,26034.43837599039,25422.53238385551
2021-12-07,26085.45323805645,26034.010892488728
2021-12-08,26009.61438654244,26068.657380196673
2021-12-09,24539.253439462776,25981.178521867245
2021-12-10,24289.204720166028,24523.242644962294
2021-12-11,25377.879509165658,24300.096791923937
2021-12-12,25754.26910232611,25374.099703527834
2021-12-13,24013.82761483856,25762.782053552863
2021-12-14,23944.515791148773,23999.748833306432
2021-12-15,25133.322464470417,24848.219849956997
2021-12-16,24507.745650290693,25135.552561902776
2021-12-17,23762.71081168674,24501.335326392207
2021-12-18,24099.933377562837,23771.429698694647
2021-12-19,24022.543075604222,24102.489176666808
2021-12-20,24110.241234591227,24022.723077035098
2021-12-21,25152.913769867122,24113.895815613494
2021-12-22,24992.993272001222,25152.897152382946
2021-12-23,26092.68817968719,24991.887210898774
2021-12-24,26101.49243758388,26103.99729367122
2021-12-25,25913.056779489216,26118.189077103514
2021-12-26,26098.9730065348,25912.60176122844
2021-12-27,26010.470866466167,26095.071240060628
2021-12-28,24444.19134882845,26030.257400638082
2021-12-29,23842.92320359878,24461.139764881806
2021-12-30,24223.689546985774,23866.501186577523
2021-12-31,23782.289120397716,24219.25556051202
2022-01-01,24487.779036761225,23785.01849721417
2022-01-02,24326.72605054088,24484.769050197898
2022-01-03,23870.836889878436,24325.883177845328
2022-01-04,23595.401181903853,23871.200525330227
2022-01-05,22389.55655761525,23596.33333278537
2022-01-06,22164.06189517506,22387.70376298055
2022-01-07,21324.285427984523,22160.273448521053
2022-01-08,21395.34749747083,21326.117396823916
2022-01-09,21495.176891207848,21395.697708311305
2022-01-10,21436.983383769544,21494.460747180132
2022-01-11,21921.594469258936,21436.086242021098
2022-01-12,22551.67900082879,21924.81435097203
2022-01-13,21852.02797331758,22550.476267316342
2022-01-14,22116.88850631856,21855.74271697753
2022-01-15,22159.402301330865,22117.967000176162
2022-01-16,22131.12413610406,22156.69524906695
2022-01-17,21675.489478006883,22133.255044896527
2022-01-18,21730.140182500403,21675.25066235416
2022-01-19,21402.69934426412,21729.308117265777
2022-01-20,20853.755575733783,21402.462309491784
2022-01-21,18667.038685469666,20863.653484827882
2022-01-22,17926.63151887104,18674.71439675409
2022-01-23,18572.529120150248,17935.486189998053
2022-01-24,18744.965999231303,18572.138865098317
2022-01-25,18898.243475766663,18745.212794455474
2022-01-26,18848.58063074998,18896.440194322768
2022-01-27,18985.158284529414,18843.311223893317
2022-01-28,19327.92667748663,18980.03646764647
2022-01-29,19513.28283557042,19326.038910247873
2022-01-30,19403.207658805255,19520.39425158426
2022-01-31,19699.71192445036,19404.51745637145
2022-02-01,19847.52162556212,19698.960145556175
2022-02-02,18933.38067470245,19847.720897993706
2022-02-03,19033.79803687323,18929.183840533762
2022-02-04,21257.903948336992,19031.41716316845
2022-02-05,21234.025569350873,21258.35306615576
2022-02-06,21726.910499064394,21234.055143018515
2022-02-07,22455.393652614057,21724.081738023684
2022-02-08,22589.630946502388,22462.679969430195
2022-02-09,22719.349598407596,22578.512849470226
2022-02-10,22305.730571582833,22723.95990692921
2022-02-11,21701.713986210452,22308.732423513906
2022-02-12,21618.528889164703,21703.90193815164
2022-02-13,21589.219542769497,21614.4780898302
2022-02-14,21792.370956354436,21568.619443933516
2022-02-15,22828.122739097773,21792.18477834694
2022-02-16,22512.70182672925,22829.75816473111
2022-02-17,20759.359222448056,22500.127892856453
2022-02-18,20490.174753775376,20766.892027195172
2022-02-19,20532.347225213194,20487.557820665017
2022-02-20,19664.140243618527,20530.323803468644
2022-02-21,18975.44343589693,19659.89259790927
2022-02-22,19592.53557403237,18972.043891892317
2022-02-23,19089.417207936793,19592.185844851814
2022-02-24,19608.560471100063,19080.050470181697
2022-02-25,20077.026789412346,19609.188797732364
2022-02-26,20024.952733469047,20076.529619458805
2022-02-27,19300.736637405607,20021.628222981697
2022-02-28,22092.89339742001,19298.733440266362
2022-03-01,22682.853293707776,22093.62184601299
2022-03-02,22464.14394967672,22684.343468100353
2022-03-03,21708.81843998849,22464.69089630883
2022-03-04,20014.862064320736,21712.080218249266
2022-03-05,20154.697610109077,20020.50697162397
2022-03-06,19645.962951401285,20156.52494445037
2022-03-07,19458.07190511983,19650.669078257237
2022-03-08,19808.37567026273,19456.989295393825
2022-03-09,21456.710340359434,19811.22240075171
2022-03-10,20162.9306061583,21452.17090508487
2022-03-11,19833.82163939506,20164.222702273462
2022-03-12,19890.84581756778,19833.583611514277
2022-03-13,19353.945709807645,19880.992290773876
2022-03-14,20274.794336755203,19352.196914705375
2022-03-15,20115.50592045135,20273.538149493892
2022-03-16,21043.49026513417,20113.873536933963
2022-03-17,20954.434382749867,21041.926325148946
2022-03-18,21400.66184932176,20951.09435682937
2022-03-19,21595.8229413325,21397.303552561178
2022-03-20,21109.934526737557,21596.25028048065
2022-03-21,21031.384305218642,21109.029744022417
2022-03-22,21684.38883604184,21029.400272099672
2022-03-23,21961.23400474608,21687.177332291823
2022-03-24,22508.23850475527,21958.0732308428
2022-03-25,22701.522907804247,22510.109110823872
2022-03-26,22783.885303805695,22702.046024427713
2022-03-27,23968.62965447903,22786.248718096766
2022-03-28,24129.55638590194,23969.43085862503
2022-03-29,24309.395268922,24115.489150380487
2022-03-30,24106.11671888896,24304.90006206237
2022-03-31,23326.82479509287,24105.877708903772
2022-04-01,23726.83744809367,23334.73481093466
2022-04-02,23519.086065530406,23728.81858077064
2022-04-03,23824.88296787791,23514.13281417489
2022-04-04,23908.77655003734,23820.655763073413
2022-04-05,23357.486544661075,23909.697547834443
2022-04-06,22142.195189371487,23351.638285295747
2022-04-07,22301.912082003946,22142.661924883876
2022-04-08,21685.848940892967,22302.565061141628
2022-04-09,21944.75554976232,21683.039605510006
2022-04-10,21648.936502541157,21944.132264947963
2022-04-11,20266.98314402689,21645.25547393091
2022-04-12,20578.91208140388,20272.9627145154
2022-04-13,21113.409895771332,20577.021195821908
2022-04-14,20481.315821468048,21110.063552694097
2022-04-15,20793.854642192346,20483.2953494104
2022-04-16,20732.845668119156,20793.31300957519
2022-04-17,20367.342789885435,20729.419189822263
2022-04-18,20932.916240985734,20369.483765649315
2022-04-19,21279.292612637204,20933.895452202894
2022-04-20,21210.47789799101,21278.763100247306
2022-04-21,20771.525194723905,21209.057294141647
2022-04-22,20374.43785296962,20770.68439722463
2022-04-23,20243.046652070137,20373.63432153203
2022-04-24,20231.634899782686,20238.738049119267
2022-04-25,20740.42602005586,20233.3335661035
2022-04-26,19536.388369707205,20735.40502098642
2022-04-27,20111.618158696372,19537.8690379057
2022-04-28,20386.55974693678,20111.759348554166
2022-04-29,19784.09394044392,20383.923319206013
2022-04-30,19321.560911848243,19782.096871282603
2022-05-01,19715.271540415735,19320.725176674725
2022-05-02,19749.98787103153,19716.794379674793
2022-05-03,19348.260408293165,19749.33398969069
2022-05-04,20348.88844934605,19346.985050085852
2022-05-05,18754.772351055664,20347.50698325276
2022-05-06,18478.874562783763,18753.747459750917
2022-05-07,18198.996605646986,18479.66685800642
2022-05-08,17457.85677794494,18199.49836962148
2022-05-09,15529.158846399114,17458.398879218552
2022-05-10,15909.211157062276,15517.037557509691
2022-05-11,14818.66629987709,15905.714740968124
2022-05-12,14856.371626792701,14818.9160417182
2022-05-13,14983.969409988893,14847.679668144734
2022-05-14,15400.353210164385,14985.223286839722
2022-05-15,16017.802830191704,15399.000325530094
2022-05-16,15275.894513865856,16017.458977317438
2022-05-17,15568.872737034415,15275.664483120068
2022-05-18,14686.769797234461,15568.192566940712
2022-05-19,15501.366468695476,14686.735818749517
2022-05-20,14935.037376510132,15499.7046076978
2022-05-21,15053.543501003458,14934.549556165934
2022-05-22,15510.836963263973,15053.692376087232
2022-05-23,14886.705372496468,15503.535340344086
2022-05-24,15166.852751616832,14887.852117865084
2022-05-25,15114.54122441545,15165.578302491605
2022-05-26,14942.944537036867,15115.783345526457
2022-05-27,14610.10564774498,14934.672113068178
2022-05-28,14709.63801142238,14607.701275043413
2022-05-29,15033.74234028675,14817.596552777812
2022-05-30,16204.549383035748,15032.421567181796
2022-05-31,16228.709020806775,16203.279499727636
2022-06-01,15211.599668970182,16228.78571645923
2022-06-02,15547.994633855895,15209.316698980632
2022-06-03,15156.270716801955,15548.156947202311
2022-06-04,15225.015508440136,15157.174819444937
2022-06-05,15262.287759444043,15226.148799148277
2022-06-06,16002.941195164698,15264.171253185721
2022-06-07,15887.667644756808,16003.481476997658
2022-06-08,15413.696507083254,15885.67423475616
2022-06-09,15362.062204525842,15414.148950203657
2022-06-10,14827.591648069323,15361.204459675553
2022-06-11,14443.251620890946,14828.05407214448
2022-06-12,13629.672388358935,14449.698886827378
2022-06-13,11451.385548319966,13616.898459930047
2022-06-14,11312.35862156108,11451.682317516656
2022-06-15,11499.695910034177,11307.27693727009
2022-06-16,10375.944064214715,11501.496909399626
2022-06-17,10424.288501567096,10378.031114126707
2022-06-18,9681.416146138868,10425.232964019588
2022-06-19,10471.885058775917,9678.003037961202
2022-06-20,10495.203311499918,10471.932152841535
2022-06-21,10550.470171111598,10492.558211802467
2022-06-22,10176.521034647374,10554.979803404585
2022-06-23,10741.754285462348,10176.293380215244
2022-06-24,10828.886867383271,10741.11025705032
2022-06-25,10966.856625418215,10829.845282302947
2022-06-26,10721.847603842318,10963.855006171836
2022-06-27,10574.891728537752,10722.298861911151
2022-06-28,10339.04601418063,10572.851475934684
2022-06-29,10242.903610982374,10339.303634864318
2022-06-30,10078.177800089343,10245.12160496041
2022-07-01,9819.051303898992,10096.229512716309
2022-07-02,9806.729564566836,9821.855725852773
2022-07-03,9835.359929298758,9806.642881384789
2022-07-04,10315.749405113756,9835.48338395603
2022-07-05,10292.415478563606,10312.700714301396
2022-07-06,10480.41495442964,10294.716798363923
2022-07-07,11033.448337169144,10480.197316666616
2022-07-08,11077.734718548954,11033.229260227012
2022-07-09,11007.537543946282,11070.558742640911
2022-07-10,10633.293939223662,11006.962643162387
2022-07-11,10176.263814178481,10631.200294699223
2022-07-12,9843.132727393731,10176.227165308965
2022-07-13,10299.994719014689,9844.162425400988
2022-07-14,10491.958913241477,10299.678822733686
2022-07-15,10631.862020558643,10493.60488752641
2022-07-16,10828.752078721296,10630.694478132502
2022-07-17,10620.86963949628,10831.210091052877
2022-07-18,11513.752700331213,10622.180353154243
2022-07-19,11960.207064899654,11504.75200652465
2022-07-20,11876.93225430891,11962.079887391925
2022-07-21,11852.914338046608,11877.694281034172
2022-07-22,11621.505249460044,11852.475901983082
2022-07-23,11498.42640333973,11617.345812093465
2022-07-24,11578.494954260883,11498.430583495274
2022-07-25,10928.872413575871,11577.438699154256
2022-07-26,10867.526241745352,10928.54405084379
2022-07-27,11745.606127756537,10870.045559120103
2022-07-28,12217.0368919003,11747.152273762002
2022-07-29,12198.687588660867,12217.727548729406
2022-07-30,12119.151071909964,12194.7226788681
2022-07-31,11956.87608135186,12117.0719472976
2022-08-01,11938.083611562775,11956.778708491249
2022-08-02,11769.586276580318,11935.10836733416
2022-08-03,11702.343989677056,11771.199165007916
2022-08-04,11593.618929279519,11703.200268157048
2022-08-05,11943.01308521062,11591.447205454411
2022-08-06,11772.466073786167,11944.133508884608
2022-08-07,11881.512052336111,11773.601951889545
2022-08-08,12210.695592469796,11883.387560584022
2022-08-09,11876.428280821665,12211.785780675711
2022-08-10,12292.208706561101,11875.695901282506
2022-08-11,12301.611600803511,12292.573809292911
2022-08-12,12536.776423989462,12301.39471171081
2022-08-13,12551.092480424046,12536.478958884178
2022-08-14,12491.161042615176,12553.665492260157
2022-08-15,12394.8236054983,12490.648664245082
2022-08-16,12263.563001191687,12389.170953675804
2022-08-17,11981.958346559182,12262.541255962402
2022-08-18,11922.008650181144,11984.604250270204
2022-08-19,10715.657525928915,11922.310086485742
2022-08-20,10854.362153033764,10713.241656423954
2022-08-21,11046.332943892181,10851.45111031175
2022-08-22,10979.091145580558,11044.9778012915
2022-08-23,11050.044882073851,10980.229555054753
2022-08-24,10982.404913129656,11049.21562700875
2022-08-25,11091.978427051155,10982.671481533273
2022-08-26,10389.831113867724,11089.546224045307
2022-08-27,10277.954060612992,10391.119139524473
2022-08-28,10055.596971352697,10277.572229165135
2022-08-29,10416.498403573858,10054.751415710336
2022-08-30,10160.89011398375,10416.830687691867
2022-08-31,10292.016385043486,10162.350707703008
2022-09-01,10335.865372298136,10292.39590249732
2022-09-02,10255.669637587964,10335.303985615074
2022-09-03,10183.58739054434,10255.643243631272
2022-09-04,10264.343964917212,10183.78295934938
2022-09-05,10183.378940551802,10265.421743899286
2022-09-06,9686.23306466505,10186.06909727171
2022-09-07,9924.534186080733,9686.10243532237
2022-09-08,9945.32333197914,9924.326374496444
2022-09-09,10985.21597567268,9944.44861460123
2022-09-10,11144.284679213319,10983.074996714591
2022-09-11,11186.223977866171,11143.246968283056
2022-09-12,11479.162650232765,11186.716639267579
2022-09-13,10419.832180206442,11479.709150976614
2022-09-14,10400.80825383827,10362.774894756076
2022-09-15,10104.211158922724,10401.460312275176
2022-09-16,10133.812722447141,10105.646552680766
2022-09-17,10317.640242470652,10136.110650424398
2022-09-18,9941.171300110333,10317.46167910788
2022-09-19,10010.662259217914,9940.691391535924
2022-09-20,9675.075347922964,10011.410008082426
2022-09-21,9491.76605342671,9675.296352728976
2022-09-22,9937.591106376905,9485.212901739218
2022-09-23,9879.867129002881,9936.983598496727
2022-09-24,9697.812690604964,9879.540514201148
2022-09-25,9626.434948955479,9697.451394213807
2022-09-26,9843.486837742665,9627.368336732425
2022-09-27,9786.326798391565,9843.073347015601
2022-09-28,9946.160702089855,9783.265421692171
2022-09-29,10019.205339597574,9946.712099005583
2022-09-30,9947.326691207847,10019.397496609765
2022-10-01,9884.745536921842,9947.024352158678
2022-10-02,9745.128450339214,9884.64137727339
2022-10-03,10042.647312647621,9745.11909470141
2022-10-04,10406.09312464558,10042.622440941857
2022-10-05,10316.41528313279,10405.596140020934
2022-10-06,10213.106846348792,10316.572588546798
2022-10-07,10005.515763841122,10214.193137703689
2022-10-08,9937.225503782405,10005.220197012464
2022-10-09,9953.418784245403,9937.672946819517
2022-10-10,9795.502120756953,9953.416479061354
2022-10-11,9748.49429549366,9794.218808578178
2022-10-12,9803.957020633185,9749.13586154066
2022-10-13,9915.61914157618,9803.718721858637
2022-10-14,9818.316523584725,9915.421131805404
2022-10-15,9755.605170085839,9818.187972061412
2022-10-16,9861.145051902684,9756.266865442027
2022-10-17,10006.78030488521,9861.38036962226
2022-10-18,9895.009884352683,10006.629152664544
2022-10-19,9793.47034601033,9895.334680929522
2022-10-20,9749.960054321327,9792.730326703268
2022-10-21,9812.055718981808,9749.687653993591
2022-10-22,9832.23597939573,9812.004403550964
2022-10-23,10019.908916605042,9832.000511020831
2022-10-24,9906.064895502104,10020.296564078702
2022-10-25,10300.639692769273,9905.713538544325
2022-10-26,10655.092770574463,10298.738998417335
2022-10-27,10404.187843783648,10656.318455804736
2022-10-28,10566.272546822205,10405.23989909902
2022-10-29,10688.531763441712,10566.11527095489
2022-10-30,10593.04785562113,10688.28537555732
2022-10-31,10520.983339475988,10592.040127479733
2022-11-01,10516.724209516424,10520.529620262234
2022-11-02,10343.892821330166,10515.527091675847
2022-11-03,10371.610856748895,10345.489393858463
2022-11-04,10860.055545907395,10370.97554663498
2022-11-05,10924.884510523972,10858.867026211099
2022-11-06,10737.053969967588,10926.058824186028
2022-11-07,10574.353694142399,10736.056749983578
2022-11-08,9504.992227556218,10573.237778256722
2022-11-09,8133.314235927575,9506.29105091352
2022-11-10,9020.648344861269,8134.497393318041
2022-11-11,8741.521267250293,9018.788917193153
2022-11-12,8618.299411627799,8742.849992296062
2022-11-13,8389.61669025239,8618.597019294573
2022-11-14,8525.367101700382,8388.96305317048
2022-11-15,8660.113524787392,8525.024334710615
2022-11-16,8546.450268318244,8659.98863407012
2022-11-17,8552.840292340925,8546.983250524589
2022-11-18,8560.149432049284,8553.03670490071
2022-11-19,8567.903708249552,8559.355548259244
2022-11-20,8345.362092338652,8568.593794585353
2022-11-21,8087.007680350467,8345.046636696794
2022-11-22,8293.312976489178,8084.433691428938
2022-11-23,8513.46090525981,8296.268199650905
2022-11-24,8513.835212212576,8513.955037266685
2022-11-25,8471.698444042207,8512.702419991641
2022-11-26,8444.692119832373,8471.543578251005
2022-11-27,8432.89754484646,8444.493102852031
2022-11-28,8314.373483020774,8430.666837288665
2022-11-29,8435.814066478055,8314.496110223607
2022-11-30,8810.575908298082,8436.068600456714
2022-12-01,8706.193174647768,8810.305132452437
2022-12-02,8769.942607890738,8706.978151734913
2022-12-03,8671.36917170759,8770.684259040803
2022-12-04,8788.530524765702,8671.316882910689
2022-12-05,8707.18063279837,8787.688489866183
2022-12-06,8766.568827009985,8707.414330043008
2022-12-07,8639.196629582682,8766.555629112496
2022-12-08,8840.046427945905,8638.810915596523
2022-12-09,8786.916740333176,8839.376172116887
2022-12-10,8785.161013725141,8787.466458702609
2022-12-11,8772.257501813287,8785.660698332898
2022-12-12,8824.607081592567,8771.366188589633
2022-12-13,9119.16804290328,8824.61634547215
2022-12-14,9134.32655731052,9119.564801973702
2022-12-15,8901.447854987568,9133.29666562732
2022-12-16,8525.335199575426,8901.305498839654
2022-12-17,8603.01302522801,8525.052684599124
2022-12-18,8584.417127374783,8603.2677432942
2022-12-19,8421.872128006144,8584.961573936791
2022-12-20,8663.88841270581,8422.970228243097
2022-12-21,8618.496692569146,8662.977914786043
2022-12-22,8625.607852229849,8618.932494750168
2022-12-23,8609.244168143681,8625.242962106355
2022-12-24,8634.695513181761,8609.24947681617
2022-12-25,8631.36914271321,8634.574250217789
2022-12-26,8671.622343503868,8631.494659312704
2022-12-27,8568.167451171983,8671.367930829525
2022-12-28,8481.997580366806,8567.772539383619
2022-12-29,8528.872558712774,8481.878191843703
2022-12-30,8508.583084501288,8528.36127478078
2022-12-31,8480.6847826232,8509.148040200544
2023-01-01,8520.016930404307,8480.883574086765
2023-01-02,8554.053716125263,8520.254877153822
2023-01-03,8549.904220954586,8554.257222962564
2023-01-04,8649.062702858264,8550.06924302645
2023-01-05,8634.671360006072,8649.170576805584
2023-01-06,8695.532439199127,8634.544509634115
2023-01-07,8696.335216384228,8695.61253065668
2023-01-08,8768.913449183183,8695.853403985127
2023-01-09,8827.089704678396,8770.355615221077
2023-01-10,8954.639298005884,8825.260906731708
2023-01-11,9207.635427803061,8954.656855954194
2023-01-12,9679.963908882848,9301.905448158677
2023-01-13,10205.790258740783,9679.624264244248
2023-01-14,10756.002370318323,10206.241018343751
2023-01-15,10708.272688834482,10756.604870111049
2023-01-16,10856.436364698335,10708.99261214033
2023-01-17,10850.960596263001,10859.58454025976
2023-01-18,10605.333946210854,10850.703202716599
2023-01-19,10810.773473182693,10604.268802164084
2023-01-20,11623.630503019544,10810.033824019134
2023-01-21,11668.553995459302,11624.063333745078
2023-01-22,11640.361701237334,11668.772804712504
2023-01-23,11747.50528134346,11640.722996098248
2023-01-24,11586.67901088327,11745.031367533578
2023-01-25,11836.689761804751,11588.112560241743
2023-01-26,11792.618300734124,11832.123548516074
2023-01-27,11815.005132228436,11791.5843539124
2023-01-28,11786.932334873305,11815.6205004622
2023-01-29,12171.244169959578,11787.142603534012
2023-01-30,11690.679869706406,12171.286424975395
2023-01-31,11843.646254149153,11691.025795644558
2023-02-01,12145.096695572658,11842.909805911442
2023-02-02,12019.693345644399,12143.547912436576
2023-02-03,12012.421946196482,12018.406249492466
2023-02-04,11953.936486297847,12010.876040419564
2023-02-05,11759.976546771899,11954.150407530966
2023-02-06,11659.49238539912,11759.153823036253
2023-02-07,11921.07965646379,11658.028884119614
2023-02-08,11754.882672787307,11920.62576810993
2023-02-09,11176.547725031302,11758.530443129688
2023-02-10,11087.554682417438,11176.559320417271
2023-02-11,11201.729477236418,11087.896821243015
2023-02-12,11156.572821828051,11201.71833401047
2023-02-13,11164.11826103218,11155.950767280012
2023-02-14,11378.579096732139,11160.950107441618
2023-02-15,12442.182203369883,11378.453614756989
2023-02-16,12093.781778357774,12441.954346521201
2023-02-17,12574.177204132826,12092.718609087244
2023-02-18,12611.760707618667,12574.018743527902
2023-02-19,12453.062485039605,12611.109500982911
2023-02-20,12707.482733041721,12457.702820634991
2023-02-21,12503.641636878327,12709.4539753823
2023-02-22,12377.556561133415,12504.191283263412
2023-02-23,12257.87350792609,12378.50626538515
2023-02-24,11875.916144039556,12257.098193996848
2023-02-25,11862.379286468844,11876.963900192828
2023-02-26,12063.078143659157,11861.741615416779
2023-02-27,12042.587418471572,12063.187981384992
2023-02-28,11850.035266079305,12042.098861075267
2023-03-01,12108.962352940887,11851.848491792976
2023-03-02,12020.632028377728,12109.21567004785
2023-03-03,11451.116499647198,12021.255133226587
2023-03-04,11446.02211942561,11451.25673396528
2023-03-05,11486.6648957783,11446.461433783323
2023-03-06,11484.197634510921,11487.302923558276
2023-03-07,11378.38712029986,11483.480459971353
2023-03-08,11122.84155314736,11376.72923275523
2023-03-09,10429.402980394103,11123.837393589689
2023-03-10,10340.048018747755,10431.410986368024
2023-03-11,10571.215172600077,10340.356161532778
2023-03-12,11355.029066834079,10568.994086238852
2023-03-13,12387.389375915525,11351.347581286132
2023-03-14,12665.42964148231,12389.505041985514
2023-03-15,12472.575473484249,12678.129631114378
2023-03-16,12815.744379891905,12471.353559146894
2023-03-17,14020.420429622009,12816.925888263884
2023-03-18,13785.979987367615,14032.689096495287
2023-03-19,14326.574011039213,13788.001692670137
2023-03-20,14182.582080378084,14328.012689991
2023-03-21,14398.483295797258,14183.213322226404
2023-03-22,13952.374016256594,14389.645688031987
2023-03-23,14478.757288899422,13949.539879177808
2023-03-24,14047.579707268847,14473.731067073943
2023-03-25,14046.971547534466,14044.511611541211
2023-03-26,14302.29244940743,14047.389854655714
2023-03-27,13864.30083553709,14302.131350672395
2023-03-28,13937.76584560044,13860.779373386575
2023-03-29,14481.23502477564,13937.232045849933
2023-03-30,14323.885605589676,14482.141036358997
2023-03-31,14551.099693435877,14323.38050413184
2023-04-01,14515.946026440188,14548.473930100796
2023-04-02,14407.074189893901,14543.014685684513
2023-04-03,14204.536174589395,14398.83468794927
2023-04-04,14403.3579730507,14207.039330130292
2023-04-05,14414.588196723758,14404.170253848508
2023-04-06,14341.758307661785,14413.215498475804
2023-04-07,14281.342697729393,14339.141253639236
2023-04-08,14289.69974671386,14278.514452204257
2023-04-09,14484.058487105667,14292.015251426996
2023-04-10,15152.677491062508,14485.603136625588
2023-04-11,15441.043263700902,15153.056071939694
2023-04-12,15397.419270456881,15439.267010377496
2023-04-13,15542.525664307921,15273.839091152919
2023-04-14,15600.359354113787,15547.982897872329
2023-04-15,15515.515370717643,15602.881726939828
2023-04-16,15519.307011790725,15514.224875650258
2023-04-17,15076.61441276409,15520.199087488652
2023-04-18,15557.612900748554,15078.579176542682
2023-04-19,14741.915647999123,15555.834148882632
2023-04-20,14454.318619019088,14742.412290441693
2023-04-21,13955.054318178967,14455.991672186552
2023-04-22,14229.876954117117,13949.431186113654
2023-04-23,14114.76921158053,14229.191181583255
2023-04-24,14078.689433602023,14114.945905404018
2023-04-25,14474.113754072638,14073.364731191545
2023-04-26,14531.147064543811,14470.247427171022
2023-04-27,15063.525085422027,14534.051112453566
2023-04-28,14993.806511990353,15067.216479391158
2023-04-29,14950.396010521503,14991.966594203634
2023-04-30,14956.345833629965,14948.879907991886
2023-05-01,14359.94917067386,14934.206299850344
2023-05-02,14660.256471420747,14357.717202808557
2023-05-03,14828.817160897328,14660.22002564244
2023-05-04,14745.040954917517,14841.397462194785
2023-05-05,15107.397102492676,14746.946929612606
2023-05-06,14777.041809044033,15109.701724246666
2023-05-07,14547.798090863378,14775.492121508347
2023-05-08,14163.071937545612,14545.428155130223
2023-05-09,14145.165825814978,14163.474199255106
2023-05-10,14125.80306341201,14143.033206250218
2023-05-11,13807.518315273894,14125.483401236312
2023-05-12,13711.557412758171,13800.744073481634
2023-05-13,13699.340670713635,13713.005985298232
2023-05-14,13773.390860709773,13701.787922287212
2023-05-15,13907.234471106978,13773.743005971835
2023-05-16,13830.120772598613,13896.52936513096
2023-05-17,14011.019745122341,13829.521790526507
2023-05-18,13724.184991426097,14012.477393795327
2023-05-19,13754.853246741739,13721.339366693646
2023-05-20,13875.946823791413,13754.23907232068
2023-05-21,13685.225813418849,13870.310758458449
2023-05-22,13736.19509203978,13683.30979131684
2023-05-23,13929.595947727412,13738.576507972553
2023-05-24,13474.955128251686,13929.022305403576
2023-05-25,13546.513913046869,13472.235018408968
2023-05-26,13671.831366140395,13545.464198250997
2023-05-27,13746.848797853587,13672.258896072879
2023-05-28,14368.688071757928,13748.247374906165
2023-05-29,14195.795143194347,14363.40300386913
2023-05-30,14175.32724256344,14195.41690495044
2023-05-31,13929.364630248623,14174.429275431707
2023-06-01,13727.476951967034,13928.708067816422
2023-06-02,13949.685243748576,13729.804382990002
2023-06-03,13860.031170802562,13951.079356155395
2023-06-04,13881.637851429285,13860.025949249492
2023-06-05,13187.768628450634,13883.644757748396
2023-06-06,13939.03665333405,13173.577007776797
2023-06-07,13482.88474960901,13937.44991916232
2023-06-08,13566.400488271789,13483.732312777265
2023-06-09,13551.344277538881,13565.218252710925
2023-06-10,13221.317831466944,13552.063357351572
2023-06-11,13265.722290331943,13222.736018520369
2023-06-12,13244.864695063678,13262.724333603457
2023-06-13,13253.18391711496,13245.064661635086
2023-06-14,12841.584017697796,13253.982568721996
2023-06-15,13069.780351763517,12840.081778453588
2023-06-16,13453.696302497907,13069.20684018299
2023-06-17,13547.335432365982,13454.306056454181
2023-06-18,13458.999214329791,13547.223449301498
2023-06-19,13719.101244559732,13458.602120235042
2023-06-20,14466.36228096962,13714.29281975448
2023-06-21,15332.224562558531,14458.253942220736
2023-06-22,15271.286379332694,15316.349242706672
2023-06-23,15666.330139464217,15263.272799579723
2023-06-24,15589.757719630303,15673.109830269215
2023-06-25,15559.603121810036,15587.95012708381
2023-06-26,15448.26298197657,15559.660103317648
2023-06-27,15661.724951066675,15449.843679213
2023-06-28,15350.435696300266,15665.956383911593
2023-06-29,15534.125416120065,15350.419356489105
2023-06-30,15563.513316603454,15532.089096547814
2023-07-01,15618.984075901735,15560.833715897425
2023-07-02,15636.336797395646,15617.562819250821
2023-07-03,15907.044794194477,15638.28085849017
2023-07-04,15714.373462176323,15907.277141847762
2023-07-05,15578.280199062454,15714.971389122753
2023-07-06,15265.578998898713,15574.744246881082
2023-07-07,15485.845320375189,15264.729927265791
2023-07-08,15460.232587986735,15488.236739688366
2023-07-09,15399.024004733787,15459.77682467118
2023-07-10,15524.14752214499,15399.655818838475
2023-07-11,15627.233396169617,15525.745710381043
2023-07-12,15511.3091822958,15627.878567996098
2023-07-13,16076.012482987195,15509.217309498341
2023-07-14,15493.801892726495,16075.214644244834
2023-07-15,15473.617274668812,15492.623277432842
2023-07-16,15448.523331773205,15474.478975550906
2023-07-17,15395.06118948646,15448.772580558136
2023-07-18,15247.836970945298,15395.658834579735
2023-07-19,15275.241809476316,15250.611718118338
2023-07-20,15214.67237803288,15275.91393163331
2023-07-21,15273.281225834116,15221.319462364467
2023-07-22,15200.240186180994,15273.23891032517
2023-07-23,15360.590829649269,15209.58488272466
2023-07-24,14900.218517241703,15359.090749631823
2023-07-25,14926.618961742817,14901.251149601638
2023-07-26,14992.887727351712,14925.796930668797
2023-07-27,14918.949693689348,14992.288930405304
2023-07-28,14975.602622242493,14919.742577194125
2023-07-29,14995.503808585332,14975.672232927458
2023-07-30,14951.537739187183,14995.560503772724
2023-07-31,14927.950348195136,14953.058136991564
2023-08-01,15153.6607814762,14928.33631058514
2023-08-02,14886.069619352818,15168.134787080215
2023-08-03,14898.799311691373,14890.96660756409
2023-08-04,14845.347681228744,14896.610240700395
2023-08-05,14830.611631729154,14846.010644506736
2023-08-06,14829.284877768461,14831.375979225706
2023-08-07,14898.501878656523,14827.57794254124
2023-08-08,15195.840608824195,14898.221024358201
2023-08-09,15093.537308193596,15196.436854881418
2023-08-10,15026.870480287447,15094.784167093414
2023-08-11,15010.25384304054,15024.523700454532
2023-08-12,15019.710697127806,15011.297532127872
2023-08-13,14951.598596116824,15020.051065883115
2023-08-14,15015.21318789348,14951.780779740737
2023-08-15,14893.112792633028,15015.013336457014
2023-08-16,14655.072588510737,14892.493417623193
2023-08-17,13616.267256979047,14654.069847022369
2023-08-18,13304.767413622141,13601.569666904139
2023-08-19,13329.538538231849,13303.890936617927
2023-08-20,13378.663721300216,13329.886226660907
2023-08-21,13342.735410417465,13378.244398957642
2023-08-22,13291.133012665736,13346.037170846834
2023-08-23,13498.782435721234,13295.622764338777
2023-08-24,13361.150648040251,13498.720664357323
2023-08-25,13302.62691637598,13361.858215183316
2023-08-26,13281.839102583004,13302.408932400569
2023-08-27,13324.394040511623,13281.723543812408
2023-08-28,13331.820837646947,13324.343279026227
2023-08-29,14155.360447309613,13329.959619033933
2023-08-30,13936.124975599647,14154.698796218636
2023-08-31,13243.219227870182,13938.498472779094
2023-09-01,13174.902970695644,13244.484403318836
2023-09-02,13210.36205129713,13175.006477617471
2023-09-03,13260.60559010446,13210.702265888303
2023-09-04,13181.03812890835,13259.843986521066
2023-09-05,13165.456471943857,13182.350432230754
2023-09-06,13151.873300016969,13167.47696703367
2023-09-07,13397.928817178086,13149.41340492837
2023-09-08,13228.667894981952,13400.46910666302
2023-09-09,13223.49403713055,13228.540000644101
2023-09-10,13188.65618293971,13223.268396153224
2023-09-11,12843.029777045624,13188.391037694215
2023-09-12,13185.21209475048,12842.009871630742
2023-09-13,13385.317318761648,13187.39345541902
2023-09-14,13544.03427965559,13385.300709675997
2023-09-15,13581.025773139596,13541.091237846387
2023-09-16,13559.837138434948,13579.747300976514
2023-09-17,13540.88880385205,13559.656354739964
2023-09-18,13653.270837722199,13540.32206711322
2023-09-19,13882.779280733688,13656.550289223866
2023-09-20,13839.764677649287,13882.327036301866
2023-09-21,13551.14154399924,13838.632296602576
2023-09-22,13558.56870143719,13549.304386037364
2023-09-23,13558.553047198355,13558.053274089245
2023-09-24,13395.033233842028,13558.5399138093
2023-09-25,13417.174120562375,13393.48948257424
2023-09-26,13377.492450315505,13415.263326127902
2023-09-27,13445.865016356931,13373.566568853259
2023-09-28,13789.375478810818,13447.442043845356
2023-09-29,13736.904989492297,13791.042828961983
2023-09-30,13765.54810831897,13736.871724387633
2023-10-01,14283.800796297714,13765.286937384011
2023-10-02,14045.856230392012,14280.19316836178
2023-10-03,13994.282084437313,14034.469667669535
2023-10-04,14177.554481096417,13993.838555128425
2023-10-05,13979.804280236813,14177.173166891484
2023-10-06,14250.858875671925,13977.891066619159
2023-10-07,14260.082303810716,14250.946688766033
2023-10-08,14243.003874236567,14261.525727627053
2023-10-09,14058.282929795832,14242.680365393386
2023-10-10,13960.189782407582,14061.093419336603
2023-10-11,13700.983842488824,13960.71330863163
2023-10-12,13638.339769520757,13700.986526173501
2023-10-13,13693.202809696942,13636.350844433977
2023-10-14,13693.421467440872,13695.144965929167
2023-10-15,13843.030743950083,13691.544735555499
2023-10-16,14530.134139269814,13844.558453847465
2023-10-17,14472.468412472677,14531.464990277069
2023-10-18,14428.399689210504,14471.35050625056
2023-10-19,14624.840022309647,14430.469653477221
2023-10-20,15112.545748650802,14631.36120653786
2023-10-21,15234.485011341574,15112.786326935735
2023-10-22,15277.902508648633,15234.605908454509
2023-10-23,16841.170885225907,15353.182919701114
2023-10-24,17251.58779945865,16836.80621863454
2023-10-25,17552.658853998553,17258.921966844788
2023-10-26,17382.312097107915,17553.40703754276
2023-10-27,17255.076981296763,17382.197842830647
2023-10-28,17344.48784213044,17254.04385346927
2023-10-29,17572.105987936255,17344.378390040398
2023-10-30,17556.557861441157,17568.742702785057
2023-10-31,17640.358031370117,17555.421719266174
2023-11-01,18030.24401223146,17635.008567381657
2023-11-02,17773.45308372639,18032.43058667466
2023-11-03,17675.55108280673,17775.61453710526
2023-11-04,17855.036648228688,17677.642384030747
2023-11-05,17844.825701050682,17858.896991286572
2023-11-06,17840.428745036945,17842.52143872611
2023-11-07,18041.205373417288,17845.76312679894
2023-11-08,18147.341644163203,18029.00090232208
2023-11-09,18703.632483327092,18136.45357757404
2023-11-10,19007.849429135695,18708.276800557745
2023-11-11,18915.803466200683,19005.86401652247
2023-11-12,18872.59917548105,18913.841229458452
2023-11-13,18597.504212078897,18880.519967129083
2023-11-14,18103.240280219463,18592.14282477066
2023-11-15,19288.877571023033,18108.54492001675
2023-11-16,18408.977230214332,19288.505663856344
2023-11-17,18630.141063757466,18414.169726697055
2023-11-18,18624.989528013244,18644.54626636647
2023-11-19,19033.66727490149,18625.005595001876
2023-11-20,19080.486126101987,19027.213387583048
2023-11-21,18233.4057039807,19076.585078696233
2023-11-22,19063.925998257997,18204.217283266637
2023-11-23,18992.027129130143,19057.88666451909
2023-11-24,19210.350684451234,18995.40519490927
2023-11-25,19249.32514121018,19210.941147698755
2023-11-26,19086.90621815897,19249.30425515741
2023-11-27,18968.268548175092,19074.293675197514
2023-11-28,19260.53401325099,18965.19692164123
2023-11-29,19271.043943928777,19258.019516338038
2023-11-30,19201.805984074177,19272.265338330868
2023-12-01,19695.438195629493,19204.36345932677
2023-12-02,20102.06714607477,19695.785212153125
2023-12-03,20357.457571002764,20100.034022073596
2023-12-04,21366.471716049986,20357.57071052722
2023-12-05,22424.69837743312,21369.53697421603
2023-12-06,22247.576247217286,22424.351082507223
2023-12-07,22041.351253127083,22259.17715511523
2023-12-08,22479.252976467986,22041.521334691945
2023-12-09,22255.91401078105,22485.953728597615
2023-12-10,22284.820691217632,22257.157923491446
2023-12-11,20996.57030276157,22290.988956439865
2023-12-12,21096.547406401485,20993.986985224637
2023-12-13,21826.185758097396,21105.75258222013
2023-12-14,21902.068633871826,21822.95749707274
2023-12-15,21338.695895515753,21904.13170119599
2023-12-16,21495.113229022543,21342.863708080426
2023-12-17,21052.080454180694,21493.103991785196
2023-12-18,21685.147003099104,21043.660555735005
2023-12-19,21502.93365765348,21694.28823266812
2023-12-20,22198.55495664745,21498.21861323148
2023-12-21,22314.302747571623,22196.475271517487
2023-12-22,22392.81415652126,22314.231591802163
2023-12-23,22261.32106123895,22399.99331123889
2023-12-24,21892.50623064339,22255.831798456085
2023-12-25,22192.702408582936,21889.683463320882
2023-12-26,21641.158524369075,22185.997852424982
2023-12-27,22127.258778532152,21640.18238311134
2023-12-28,21714.506352489585,22140.172037024193
2023-12-29,21442.397627469527,21707.778349825137
2023-12-30,21469.73434883222,21438.52403151743
2023-12-31,21521.874115807936,21467.30680476062
2024-01-01,22484.816568747607,21529.618879532518
2024-01-02,22880.40540653214,22494.756982058214
2024-01-03,21802.14329869397,22882.248263266974
2024-01-04,22478.087438824397,21805.92376513481
2024-01-05,22468.772610782384,22484.6760602235
2024-01-06,22376.80828702897,22477.049501786387
2024-01-07,22350.21942449152,22381.50513819135
2024-01-08,23882.097189362343,22353.02375631138
2024-01-09,23468.452656064408,23890.639014320226
2024-01-10,23750.852035790154,23459.371747289824
2024-01-11,23627.3741599939,23765.34265125267
2024-01-12,21853.281961216184,23620.40240619637
2024-01-13,21856.77279672719,21826.177910736427
2024-01-14,21316.756099917297,21856.937348638923
2024-01-15,21682.003013305217,21276.05631173275
2024-01-16,22015.72143044904,21675.564893985316
2024-01-17,21799.94443621404,22004.191654962073
2024-01-18,21049.669577104003,21799.809129927005
2024-01-19,21231.483382395207,21058.137956405953
2024-01-20,21252.00286954083,21234.631528680322
2024-01-21,21189.581062884627,21254.988702863975
2024-01-22,20146.321033466385,21193.692991335163
2024-01-23,20303.794869058507,20152.01487383984
2024-01-24,20418.322002098786,20319.987477272825
2024-01-25,20343.979434436336,20417.626258351356
2024-01-26,21294.342810242553,20345.441628121287
2024-01-27,21446.34368500688,21293.736112304185
2024-01-28,21402.445459776965,21449.42593437738
2024-01-29,22038.9862165951,21400.07410408199
2024-01-30,21875.363429085173,22045.035926607252
2024-01-31,21679.79732456013,21872.033570958672
2024-02-01,21929.85331447512,21673.316214959323
2024-02-02,21985.771310057862,21930.766599643455
2024-02-03,21886.831616745072,21985.316898775698
2024-02-04,21681.646669133006,21888.188891099475
2024-02-05,21720.474283621235,21678.61045681298
2024-02-06,21945.367025873285,21719.84651198156
2024-02-07,22570.902589787318,21948.050699903368
2024-02-08,23062.71394952759,22577.904483087066
2024-02-09,23996.86008124605,23060.604223637725
2024-02-10,24311.17316271037,24000.047455885408
2024-02-11,24573.306667062418,24310.000456945378
2024-02-12,25430.20939243942,24574.543282851275
2024-02-13,25319.60089418307,25422.01149035618
2024-02-14,26384.236486205456,25315.022447870524
2024-02-15,26448.66398581758,26389.231586975307
2024-02-16,26556.37913888961,26448.423673236077
2024-02-17,26304.517530604455,26557.12139150962
2024-02-18,26549.032143859713,26304.010379987358
2024-02-19,26387.74976090819,26555.533009114566
2024-02-20,26651.82325129465,26387.12579124749
2024-02-21,26423.308761760287,26646.496916022603
2024-02-22,26156.33427350819,26430.930750065145
2024-02-23,25861.434293490798,26145.66066377863
2024-02-24,26292.935001425594,25863.694246150102
2024-02-25,26393.629911193246,26289.988525637837
2024-02-26,27799.93958067536,26392.252234665008
2024-02-27,29091.434190191925,27798.325855358096
2024-02-28,31825.47196803153,29084.195222149494
2024-02-29,31164.687359613483,31822.84305586234
2024-03-01,31801.432898222803,31149.524379692077
2024-03-02,31594.16823845878,31797.118788990232
2024-03-03,32174.181601984656,31595.169631733443
2024-03-04,34778.43654767453,32158.734024293568
2024-03-05,32499.877315583228,34783.9933563286
2024-03-06,33697.30434747307,32487.15946628511
2024-03-07,34118.90634968236,33693.626654201435
2024-03-08,34809.86939051852,34125.287523739484
2024-03-09,34913.06449405849,34809.460645861465
2024-03-10,35170.45654997408,34913.77820475891
2024-03-11,36751.975088940555,35170.84690492482
2024-03-12,36417.8835750781,36752.62373153119
2024-03-13,37229.3844481194,36418.296328245844
2024-03-14,36365.187741171714,37227.20806214108
2024-03-15,35347.179803335355,36360.781748600006
2024-03-16,33265.41805304407,35341.676982662364
2024-03-17,34822.98640900374,33266.058482571236
2024-03-18,34380.75504830845,34813.30781659961
2024-03-19,31500.995108846055,34384.58258745201
2024-03-20,34562.46611546845,31509.81167895041
2024-03-21,33347.239295833926,34561.52306927533
2024-03-22,32465.10014796466,33346.494888257
2024-03-23,32607.214255325198,32477.385394974495
2024-03-24,34213.60061665296,32611.500951458813
2024-03-25,35599.18481460519,34213.601444980275
2024-03-26,35612.81269132844,35585.4748460383
2024-03-27,35332.00990606719,35614.81388866654
2024-03-28,35987.292678916456,35330.740872551716
2024-03-29,35555.20291668936,35987.17034236432
2024-03-30,35430.22867468275,35555.5150718108
2024-03-31,36297.572350959475,35431.466965243446
2024-04-01,35456.60399092957,36297.48444049984
2024-04-02,33290.4355224166,35458.006418829944
2024-04-03,33563.709193436734,33290.299485447176
2024-04-04,34832.05004987807,33561.159152485954
2024-04-05,34493.79430698776,34835.50403520672
2024-04-06,35029.32338558241,34495.255869889486
2024-04-07,35278.377148016836,35029.82819191143
2024-04-08,36451.7017758225,35278.377853726895
2024-04-09,35174.3125393422,36452.279675640915
2024-04-10,35906.706389537605,35174.92468151883
2024-04-11,35636.5679721733,35900.586585205354
2024-04-12,34160.71738549584,35636.96781592331
2024-04-13,32432.131072780936,34156.95589444004
2024-04-14,33416.47200001403,32439.61353379831
2024-04-15,32249.846473538055,33416.915772167886
2024-04-16,32438.99053663574,32246.315853009593
2024-04-17,31154.934546470715,32448.983381504044
2024-04-18,32287.568790157286,31154.243480507957
2024-04-19,32452.093705717398,32286.554922929256
2024-04-20,33044.673728811584,32455.891072489096
2024-04-21,33009.51598301225,33043.852270255535
2024-04-22,33975.721152240556,33014.069807569904
2024-04-23,33763.39378919891,33976.816464416304
2024-04-24,32685.09989886731,33764.12371075443
2024-04-25,32790.386438502974,32684.13200178027
2024-04-26,32421.714886735004,32792.198244542786
2024-04-27,32273.1244615189,32419.478831966444
2024-04-28,32121.94566472918,32275.324344331402
2024-04-29,32477.884831765215,32118.442844895424
2024-04-30,30841.823986088555,32477.02567884378
2024-05-01,29642.965491874293,30827.940858696027
2024-05-02,30080.73429438219,29642.812753975468
2024-05-03,31984.291751988683,30080.16245864436
2024-05-04,32487.40776453249,31984.90228890337
2024-05-05,32560.743019314483,32487.907682726312
2024-05-06,32114.36839486785,32564.374581500364
2024-05-07,31690.90978543662,32114.7784136612
2024-05-08,31112.551913736017,31689.78005959891
2024-05-09,32054.551167005753,31114.23113200918
2024-05-10,30904.784792484043,32057.20000098303
2024-05-11,30905.877537378667,30905.082529987096
2024-05-12,31236.014989253435,30905.78308345914
2024-05-13,31965.866245506102,31237.44502800599
2024-05-14,31278.85041304141,31965.504754994803
2024-05-15,33662.89852715223,31279.460686238108
2024-05-16,33129.54068409026,33657.041922071876
2024-05-17,34064.78258558437,33129.39904362381
2024-05-18,34013.96941363468,34072.02012376949
2024-05-19,33674.102806818184,34012.512059699446
2024-05-20,36356.13915023073,33674.292845880685
2024-05-21,35721.01736617215,36353.43670104012
2024-05-22,35205.286720847784,35720.42148814328
2024-05-23,34614.25367200805,35204.76492363543
2024-05-24,34904.221582672435,34613.54925794555
2024-05-25,35277.86744507313,34904.63834540053
2024-05-26,34915.801145535035,35277.03025768459
2024-05-27,35365.199625086265,34912.880872097536
2024-05-28,34807.53854752943,35364.03435191579
2024-05-29,34435.74039625302,34807.60155534133
2024-05-30,34826.510584149204,34434.762300933755
2024-05-31,34391.68173520722,34825.27421676143
2024-06-01,34508.43773054079,34390.75661698975
2024-06-02,34525.55911696092,34510.11790865019
2024-06-03,35051.30437854961,34526.70234738126
2024-06-04,35944.110229672646,35051.212935796524
2024-06-05,36210.76273611286,35944.410385922645
2024-06-06,36040.02034577908,36210.77484508732
2024-06-07,35309.43093292371,36041.04143479153
2024-06-08,35291.1165418534,35300.03111045315
2024-06-09,35465.87211127848,35286.97334918566
2024-06-10,35388.64486493565,35464.028982156364
2024-06-11,34269.77122850977,35386.486830567424
2024-06-12,34735.4631760092,34264.37595889076
2024-06-13,33977.020924082615,34736.440006008
2024-06-14,33606.126085978,33972.39319088787
2024-06-15,33710.120553175366,33603.867464208386
2024-06-16,33943.369622568636,33709.49483930066
2024-06-17,33850.784287488605,33942.39695604556
2024-06-18,33170.324613686425,33850.98486398302
2024-06-19,33092.72406054564,33173.06048422457
2024-06-20,33018.37369195432,33092.72406054564
2024-06-21,32652.918720951082,33023.06898030237
2024-06-22,32727.94484857984,32661.825239356236
2024-06-23,32178.786951688227,32726.154637921223
2024-06-24,30715.77101288952,32175.09282862894
2024-06-25,31487.409455853027,30710.258453544826
2024-06-26,30986.2923415067,31479.82238813184
2024-06-27,31396.26301966392,30986.170028310862
2024-06-28,30741.183910387976,31400.381063991263
2024-06-29,31024.868782214966,30741.06411439575
2024-06-30,31931.01151194609,31025.421780704106
2024-07-01,32018.749018853454,31928.61629814416
2024-07-02,31603.924555918722,32014.80495542794
2024-07-03,30654.616390237657,31606.569054986838
2024-07-04,29015.12158551678,30641.041590668858
2024-07-05,28845.16438268781,29038.184097703248
2024-07-06,29682.037233141953,28843.574180341817
2024-07-07,28429.605121387463,29649.650056391652
2024-07-08,28873.49671876967,28429.920585812404
2024-07-09,29533.256486159564,28873.257630985077
2024-07-10,29406.510540598785,29545.92663271949
2024-07-11,29207.141617940073,29400.070448484723
2024-07-12,29490.54097348452,29205.225490608063
2024-07-13,30163.717835354208,29495.240506483915
2024-07-14,30953.37897253812,30160.294969477498
2024-07-15,33036.9519459632,30967.547753984785
2024-07-16,33142.539671521496,32993.52330784932
2024-07-17,32643.885890699174,33140.39640007779
2024-07-18,32577.87258672208,32636.74662545964
2024-07-19,33960.455919878776,32576.945043451342
2024-07-20,34189.60580963537,33960.336850904074
2024-07-21,34688.8534967543,34190.259722360825
2024-07-22,34387.6942785056,34688.083730746795
2024-07-23,33564.89468791291,34387.527366237795
2024-07-24,33263.62379467458,33565.01377401352
2024-07-25,33439.717468155024,33265.49842537075
2024-07-26,34524.574392810464,33436.95021633388
2024-07-27,34470.75442653119,34524.43988822878
2024-07-28,34696.02308963089,34468.39851886629
2024-07-29,33985.23054392278,34697.61509834796
2024-07-30,33669.672635902905,33984.815754994
2024-07-31,32870.16047884836,33669.80459298685
2024-08-01,33234.246535314924,32873.4478808014
2024-08-02,31225.830290186404,33232.251535675525
2024-08-03,30843.826127739994,31225.691421890857
2024-08-04,29525.33811751306,30841.77857570395
2024-08-05,27417.12017548926,29521.93873804778
2024-08-06,28447.099708836296,27417.075573214446
2024-08-07,27923.54809338235,28450.30023139052
2024-08-08,31323.899660885632,27924.881924802292
2024-08-09,30894.667773607227,31332.9935666585
2024-08-10,30929.909320200088,30895.22375001237
2024-08-11,29805.853422712382,30929.440006586756
2024-08-12,30151.901606713986,29805.84784101873
2024-08-13,30776.455079874697,30152.726778127402
2024-08-14,29833.63526329249,30777.183675036136
2024-08-15,29229.883379689603,29831.626591107542
2024-08-16,29900.418109509792,29229.970732604415
2024-08-17,30197.729236803945,29900.12787497267
2024-08-18,29699.43526019603,30192.23935443252
2024-08-19,30209.79740977347,29697.706118383707
2024-08-20,29959.70558532074,30209.79757458657
2024-08-21,31050.27420001492,29960.761715546996
2024-08-22,30653.09883097887,31046.751700217574
2024-08-23,32532.991411302537,30652.61269816518
2024-08-24,32575.825195559413,32537.914837175016
2024-08-25,32649.375175316487,32574.466054864082
2024-08-26,31910.46607165635,32653.731466687772
2024-08-27,30185.158826575436,31910.034650042653
2024-08-28,29958.075348960756,30187.08382609383
2024-08-29,30138.204717238394,29957.98869194448
2024-08-30,30003.204823698252,30138.40595978782
2024-08-31,29926.144309166077,30002.212713808272
2024-09-01,29088.69153422326,29926.100363332633
2024-09-02,30000.989585161064,29089.44313546151
2024-09-03,29140.598791168188,29997.840795675365
2024-09-04,29415.047594965992,29140.193224045488
2024-09-05,28495.95713533133,29415.13121167436
2024-09-06,27365.9331938611,28495.80283877581
2024-09-07,27469.962706090064,27366.1076471065
2024-09-08,27825.31940230668,27474.138643591257
2024-09-09,28925.28452461928,27830.57608331621
2024-09-10,29244.81620834008,28925.568304602803
2024-09-11,29084.690004706834,29245.608889843374
2024-09-12,29481.159321102794,29084.68987177894
2024-09-13,30717.002267070864,29482.809047665294
2024-09-14,30429.925404991955,30715.90635114089
2024-09-15,30002.87898586035,30427.67540518269
2024-09-16,29502.401733928775,30004.073868913354
2024-09-17,30568.582713449894,29502.401822257787
2024-09-18,31244.545871846378,30568.8172055611
2024-09-19,31906.01918633789,31245.227474682037
2024-09-20,32048.02442706287,31906.508380361498
2024-09-21,32159.10159663737,32043.674766297936
2024-09-22,32280.454582133443,32160.082574148775
2024-09-23,32132.49275418848,32277.635869956164
2024-09-24,32620.056091575767,32131.002012403904
2024-09-25,32027.255672339943,32620.36762855783
2024-09-26,33055.59677811131,32024.929275978946
2024-09-27,33371.38802882165,33055.42575791702
2024-09-28,33416.52916966244,33372.13238553613
2024-09-29,33287.21552490622,33417.168504619454
2024-09-30,32123.239968793543,33286.88279655039
2024-10-01,30850.78920469508,32126.324930911807
2024-10-02,30734.712339432837,30850.440375174145
2024-10-03,30795.47159196377,30734.559024270777
2024-10-04,31460.896389684232,30793.07358378887
2024-10-05,31472.716769450904,31460.971309642344
2024-10-06,31841.738914623707,31470.220283631086
2024-10-07,31547.17763350964,31841.81503797576
2024-10-08,31498.657484708132,31539.69930948675
2024-10-09,30711.456079404205,31498.53631909877
2024-10-10,30559.672818640167,30711.36839235827
2024-10-11,31654.33461850256,30560.166368481812
2024-10-12,32034.97740261108,31654.098641738594
2024-10-13,31862.506581673322,32034.9378720811
2024-10-14,33487.2089096798,31861.01346488208
2024-10-15,33981.224191011504,33489.34883123174
2024-10-16,34268.212352120725,33981.899580961624
2024-10-17,34159.950132132464,34270.4066516076
2024-10-18,34676.07415909856,34169.673752614544
2024-10-19,34649.33271249339,34676.157674683025
2024-10-20,34985.279750922324,34650.05686720729
2024-10-21,34155.005275646145,34985.41879125236
2024-10-22,34144.22915455832,34151.42222640961
2024-10-23,33661.361982101495,34144.69613213673
2024-10-24,34530.87529795065,33774.57819916128
2024-10-25,33753.95559179901,34532.989418439414
2024-10-26,33947.893868287065,33747.13425476669
2024-10-27,34410.055753118846,33952.33789130137
2024-10-28,35409.587010200026,34406.687461758105
2024-10-29,36827.95383119971,35410.742649156455
2024-10-30,36639.77703046992,36825.34055698664
2024-10-31,35553.4208216712,36637.50543428733
2024-11-01,35186.12754792199,35554.28767023653
2024-11-02,35085.90056973234,35187.95653693304
2024-11-03,34805.47277128801,35089.45939773455
2024-11-04,34330.57880550637,34805.92779057131
2024-11-05,35109.86125706955,34330.41243859961
2024-11-06,38300.6088065432,35109.31219535097
2024-11-07,38461.79451274261,38299.58657980903
2024-11-08,38792.956487130374,38460.78478627547
2024-11-09,38938.26759663715,38798.39108843908
2024-11-10,40796.33298456982,38936.54105340197
2024-11-11,44941.97430655867,40794.99837404087
2024-11-12,44545.96437035083,44944.06805289656
2024-11-13,45851.32149604097,44532.76703370557
2024-11-14,44162.80270523056,45846.66877772584
2024-11-15,46077.965389438265,44179.7709530805
2024-11-16,45829.17063635871,46075.04834903225
2024-11-17,45464.463167024696,45829.168006161904
2024-11-18,45834.219114860156,45463.40656728461
2024-11-19,46719.052203594896,45831.36842525706
2024-11-20,47709.898899374595,46718.06000029131
2024-11-21,49840.84605043873,47707.45203334525
2024-11-22,50083.27521490782,49836.63444138855
2024-11-23,49484.44097867266,50087.82140407293
2024-11-24,49597.93984949634,49484.9714042975
2024-11-25,47147.79659408375,49607.9027857259
2024-11-26,46573.82803068519,47140.19384141683
2024-11-27,48617.83547481864,46570.15976002217
2024-11-28,48450.743102401786,48613.94008865327
2024-11-29,49357.80884426622,48451.50115447551
2024-11-30,48869.23505095661,49361.46992729215
2024-12-01,49285.568862729066,48875.52200272948
2024-12-02,48566.7013525541,49283.57091217041
2024-12-03,48637.17369618058,48561.27979032084
2024-12-04,50055.47901343226,48630.24946560413
2024-12-05,48961.87404187529,50041.90512737423
2024-12-06,50657.88773472011,49199.53085650951
2024-12-07,50659.86635574072,50655.9226613003
2024-12-08,51316.20164511294,50660.09327553271
2024-12-09,49364.33848820387,51316.82796007068
2024-12-10,48970.851158736055,49368.64530104458
2024-12-11,51254.627019884894,48961.07888256223
2024-12-12,50697.384750104546,51252.06966560841
2024-12-13,51411.12187523186,50699.19748909205
2024-12-14,51360.24076512784,51407.15453148186
2024-12-15,52836.87574263424,51360.527749486864
2024-12-16,53707.771577588916,52834.27096205563
2024-12-17,53747.18843641429,53708.232372307175
2024-12-18,50652.12797945409,53750.55832199066
2024-12-19,49342.781271786094,50666.82881461053
2024-12-20,49484.71131335169,49339.65247681679
2024-12-21,49195.893360719085,49484.849792958805
2024-12-22,48125.511819358464,49192.65287817181
2024-12-23,47941.476857237525,48122.73531404912
2024-12-24,49949.21686589866,47940.52006291002
2024-12-25,50261.293639265605,49949.112372619216
2024-12-26,48482.17839904903,50260.55444439918
2024-12-27,47666.36385737926,48436.88069010795
2024-12-28,48179.341127738655,47664.00517956168
2024-12-29,47352.82132878484,48184.39807074875
2024-12-30,46911.09072278678,47351.31728272855
2024-12-31,47299.981117011004,46911.11145940481
2025-01-01,47799.232706147435,47297.91041424959
2025-01-02,49049.114896082574,47797.48350183605
2025-01-03,49684.955029205965,49046.557173063455
2025-01-04,49757.742988460515,49684.76686308712
2025-01-05,49792.89691687495,49756.588631284685
2025-01-06,51684.65879879862,49792.89466158897
2025-01-07,49055.0308982867,51769.98249096841
2025-01-08,48106.26207781814,49055.76734071195
2025-01-09,46808.1235023293,48106.2473905506
2025-01-10,47925.17512672604,46813.35997790545
2025-01-11,47860.32370361254,47924.87132599488
2025-01-12,47818.441055119336,47859.87932351873
2025-01-13,47811.030970148,47818.690223300764
2025-01-14,48834.7907458052,47812.300305078184
2025-01-15,50858.232035456,48834.79072709888
2025-01-16,50461.63685853408,50858.600338559
2025-01-17,52842.00731483324,50596.041904795624
2025-01-18,52789.432713385,52673.37734851464
2025-01-19,51112.49698427276,52790.97956223763
2025-01-20,51586.65440169142,51109.564365978986
2025-01-21,53660.39807797015,51604.674846699396
2025-01-22,52400.35503816589,53655.4296612996
2025-01-23,52568.55420990825,52402.69476302728
2025-01-24,52993.56538100614,52571.319281277654
2025-01-25,52942.88117342294,52995.86420720741
2025-01-26,51911.88254917861,52942.165998870434
2025-01-27,51605.801063016654,51910.7403417884
2025-01-28,51210.376519005724,51609.69092332258
2025-01-29,52401.92128569364,51202.78279215916
2025-01-30,52940.70283534855,52405.03338498116
2025-01-31,51783.263274034565,52941.84557398051
2025-02-01,50877.5296502471,51782.23714289159
2025-02-02,49351.36010067686,50880.39110383869
2025-02-03,51212.779798571304,49347.32443084105
2025-02-04,49418.92600295304,51209.308571723996
2025-02-05,48798.373403620346,49422.04693279728
2025-02-06,48771.222205864935,48795.95170194112
2025-02-07,48728.997803329235,48765.3126830794
2025-02-08,48709.78632592946,48731.210161541705
2025-02-09,48718.269058610495,48709.258662042324
2025-02-10,49192.29760301783,48717.94131401032
2025-02-11,48339.23206565961,49192.61063371703
2025-02-12,49433.18748393208,48338.3723358868
2025-02-13,48790.52501264221,49434.6530392079
2025-02-14,49240.796746018306,48790.28057698375
2025-02-15,49271.26007589095,49240.498618698344
2025-02-16,48564.16154454739,49271.33076479978
2025-02-17,48375.17040556877,48566.13595416978
2025-02-18,48244.77798444248,48375.357341039926
2025-02-19,48800.62032366485,48241.25017515294
2025-02-20,49654.29842553303,48799.14106559485
2025-02-21,48536.180874500424,49657.60662336991
2025-02-22,48780.45788388729,48540.56985984043
2025-02-23,48636.85701581954,48780.481599357874
2025-02-24,46155.76750497014,48638.7398857075
2025-02-25,44812.183077424175,46165.30265783161
2025-02-26,42590.44872889796,44763.508272706866
2025-02-27,42764.69918000542,42455.37582424142
2025-02-28,42587.72923195599,42765.41049698256
2025-03-01,43414.77312963381,42588.1644821018
2025-03-02,47574.27552103386,43416.925566040416
2025-03-03,43418.26857859228,47574.28450622976
2025-03-04,44001.109158646694,43417.4810174464
2025-03-05,45714.27512760162,44001.48358640395
2025-03-06,45376.83478599354,45713.66240895807
2025-03-07,43756.73569381371,45377.61556419178
2025-03-08,43472.51312725797,43756.8575501217
2025-03-09,40663.09764707715,43472.400481050165
2025-03-10,39602.08300307393,40661.139728509486
2025-03-11,41778.11198792234,39597.79975089325
2025-03-12,42207.63344110295,41775.66508809939
2025-03-13,40872.826827084304,42208.91992467686
2025-03-14,42332.46529920898,40872.975911764384
2025-03-15,42526.02058424249,42332.125921310704
2025-03-16,41634.760778400436,42521.12508337945
2025-03-17,42390.968256028,41633.086801724865
2025-03-18,41712.91465196505,42390.983243333394
2025-03-19,43800.83770990298,41713.067150234136
2025-03-20,42445.42928151743,43810.233054749675
2025-03-21,42381.00672235981,42444.061741936355
2025-03-22,42277.58355803736,42382.528735432184
2025-03-23,43392.59266108282,42277.281891546925
2025-03-24,44127.637441442486,43400.937065664
2025-03-25,44112.231667490676,44134.76513606701
2025-03-26,43816.38283821925,44106.45642439179
2025-03-27,43954.621627172535,43814.03064678058
